longitud,latitud,zona_codigo
-68.07157882869842,-16.594578244789734,4
-68.07268051715407,-16.592531538965094,4
-68.0741880375797,-16.5903811378824,4
-68.07560949871369,-16.58815469492893,4
-68.08312998888167,-16.572961895103145,4
-68.08320652050962,-16.572672219170695,4
-68.08510446714568,-16.569315178288353,4
-68.08676733816695,-16.569449981193085,4
-68.0880988998445,-16.567873439424027,4
-68.08810096843449,-16.570747124969515,4
-68.08957748422425,-16.569173271938045,4
-68.10066924573506,-16.56359693940036,4
-68.1014788839638,-16.56444209807007,4
-68.08946869141134,-16.564693028788625,4
-68.08696117016805,-16.571755187491426,4
-68.09099052499947,-16.567306583035453,4
-68.1008366858124,-16.56497780944413,4
-68.10102525181044,-16.566770917681215,4
-68.10169049877233,-16.5652996557956,4
-68.1008382000839,-16.566069487484523,4
-68.09948626343312,-16.56663655678255,4
-68.09925113355891,-16.564176885905916,4
-68.09844452764963,-16.566456861483395,4
-68.0978664534016,-16.564879122658553,4
-68.09538559798148,-16.565660174015466,4
-68.09658832792883,-16.564788680804508,4
-68.09744354525905,-16.566716248939546,4
-68.09626756796011,-16.567370853886366,4
-68.10042308928709,-16.563199133805398,4
-68.09946482703984,-16.56307346554732,4
-68.09841976504929,-16.563261542132867,4
-68.11334945435733,-16.565534415155547,4
-68.09857412962494,-16.560441304018052,4
-68.09852477143254,-16.56070933070475,4
-68.09385124606017,-16.559913840872166,4
-68.09217232502499,-16.56253255698639,4
-68.09170729984758,-16.5612951630342,4
-68.0944072378507,-16.558184097235014,4
-68.09228879663401,-16.550154973496515,4
-68.09227420213575,-16.551307937445358,4
-68.09252818688417,-16.552080683085247,4
-68.0928738808808,-16.55291591356117,4
-68.0945551859105,-16.549694263260907,4
-68.09431517282589,-16.54829327915077,4
-68.09436231805643,-16.54682167554257,4
-68.08759817950784,-16.568568147322782,4
-68.0853636094995,-16.570388939228483,4
-68.08946320464887,-16.567370965964866,4
-68.08886769107762,-16.56990777145692,4
-68.09020653461266,-16.547886943284546,4
-68.08834859623202,-16.549446974270072,4
-68.08711247686509,-16.548394203238495,4
-68.09110586202334,-16.545894242915868,4
-68.0877799826959,-16.54533040810154,4
-68.08654202972096,-16.545183220175247,4
-68.08513259427696,-16.54561528676798,4
-68.08306734194673,-16.545540410452976,4
-68.08115560393428,-16.545950518695303,4
-68.08360119186482,-16.543126623883243,4
-68.08598749917924,-16.543967941806407,4
-68.08812966704039,-16.54385102828965,4
-68.09035728119798,-16.544793840894908,4
-68.09175919547819,-16.54434148337408,4
-68.09083529672691,-16.542278040554045,4
-68.09215572083782,-16.54283464796951,4
-68.08871043904912,-16.541054154652787,4
-68.08685378446327,-16.540496810663534,4
-68.08569604537773,-16.54037665773865,4
-68.08519738116968,-16.539697271460213,4
-68.08397572440732,-16.53992919905222,4
-68.08286916354274,-16.538958234016928,4
-68.08237369735437,-16.541460071812416,4
-68.08173635056687,-16.544026225912436,4
-68.08394702961968,-16.54416970566152,4
-68.08241076621799,-16.53972508099253,4
-68.08009641421073,-16.539261783410208,5
-68.07946718609304,-16.54028258998827,5
-68.07890383580988,-16.539105852371982,5
-68.08085336585091,-16.541324826828657,4
-68.07809667249704,-16.54135637925896,5
-68.08000018477384,-16.545160575749392,4
-68.07756846187371,-16.542739699185372,5
-68.0780318283701,-16.54093032769109,5
-68.07622242285923,-16.545478222414534,5
-68.07968922851146,-16.54612638929931,4
-68.0796558933375,-16.54731658224734,4
-68.07818525124951,-16.548635215637503,4
-68.07659044288262,-16.550084807244588,4
-68.07618535545514,-16.547925941905365,4
-68.07769653246181,-16.54696551450913,4
-68.0742803268077,-16.548120806634895,5
-68.07598222899854,-16.547265929642396,5
-68.07447220211405,-16.549194946750767,5
-68.07223605795518,-16.548560919890427,5
-68.07323837462795,-16.548351256607422,5
-68.08978100613471,-16.53926192050309,4
-68.08689882029944,-16.53900027953704,4
-68.09170424647317,-16.5400855566568,4
-68.08423679278245,-16.538617402768434,4
-68.09205640791896,-16.547743434844083,4
-68.0987618634648,-16.540542488180392,4
-68.09985662500247,-16.53972598052125,4
-68.09915597822243,-16.537302547257365,4
-68.10091438575488,-16.538006073768386,4
-68.09865054321065,-16.53861476230565,4
-68.10361485248663,-16.536247330333694,4
-68.10286835446638,-16.53373523271347,4
-68.10046934089944,-16.53418721815099,4
-68.10193414788921,-16.53267749651846,4
-68.10433058327973,-16.53269962244318,4
-68.10298946845275,-16.531703920938625,4
-68.10446712071028,-16.53089678589525,4
-68.10601801900245,-16.530674179530976,4
-68.10176973850527,-16.533551857522138,4
-68.10401950630657,-16.53339023553087,4
-68.09982252744932,-16.535247059547544,4
-68.09756236318219,-16.5356040433893,4
-68.09650783349099,-16.53716012111594,4
-68.09633974630142,-16.538770008381025,4
-68.09354762156741,-16.540767231073858,4
-68.09610496583596,-16.54027524821252,4
-68.09424361160421,-16.542613441924747,4
-68.09501023690483,-16.542862558462296,4
-68.09579154180722,-16.54534532216288,4
-68.09590185234235,-16.54166696824527,4
-68.09741873533211,-16.53347848653284,4
-68.09922958134926,-16.53254002520972,4
-68.09875059148366,-16.531032533007487,4
-68.10015248231338,-16.528788473502626,4
-68.10061188387935,-16.527106063898287,4
-68.1023653252559,-16.525826660379156,4
-68.1021420856309,-16.527396536046844,4
-68.10413594481768,-16.52878746345585,4
-68.10615799170529,-16.529419896430525,4
-68.1093649661689,-16.52812517599121,4
-68.11084005518902,-16.527490537574277,4
-68.11281445578938,-16.52575606370614,2
-68.11302422588146,-16.5238688924417,2
-68.11145449281192,-16.52472787865963,2
-68.10952261269183,-16.525674916788862,4
-68.1084632600791,-16.526506747880113,4
-68.1067063420736,-16.52758840154328,4
-68.10555656633582,-16.528312156846333,4
-68.106181511179,-16.526803292635186,4
-68.10518759012243,-16.52559555033136,4
-68.11206768319623,-16.522969126095806,2
-68.11422775702059,-16.52154161301022,2
-68.11244615192585,-16.520678491015456,2
-68.1106164779586,-16.521645169478468,2
-68.11012368742739,-16.519305629299005,2
-68.11345647512837,-16.51938163620235,2
-68.11479627004238,-16.522578963831258,2
-68.1073310095761,-16.522889929903585,4
-68.1081287094395,-16.522367918590582,2
-68.10913228924551,-16.521191118004236,2
-68.10763682268743,-16.52043088822726,2
-68.10583641499629,-16.52035480229077,2
-68.10624815955974,-16.52352877479023,4
-68.1049278370136,-16.52030574153254,4
-68.10397646957878,-16.522936958483513,4
-68.10277139920517,-16.522867102908513,4
-68.10621892226528,-16.524557713329298,4
-68.1044841801693,-16.525226922978018,4
-68.10280734114974,-16.528250758391327,4
-68.10382071480169,-16.527638206232535,4
-68.10355233092524,-16.524411608966403,4
-68.10772469268124,-16.52508725860875,4
-68.11156418976408,-16.52651619121202,4
-68.10378314051661,-16.523707688074005,4
-68.1083723276577,-16.520497801718715,2
-68.10386543014181,-16.52009348235851,4
-68.10238249682715,-16.521101832602536,4
-68.11026062885978,-16.520342950966835,2
-68.08733762521426,-16.538272706268813,4
-68.08691615016497,-16.53618971177254,4
-68.08625169401812,-16.53288467083789,4
-68.08475637017668,-16.52997230559251,5
-68.08650455296909,-16.530228556059303,5
-68.08319633290752,-16.52969541484985,5
-68.08776688064177,-16.5292298874712,5
-68.08651674533381,-16.52892598590527,5
-68.08683634243945,-16.52674945039473,5
-68.0877668547185,-16.524146804085994,5
-68.08805392145406,-16.52243538623239,5
-68.08772073916255,-16.521197412018157,5
-68.08762657950284,-16.51898363209393,5
-68.08763501885939,-16.518029271356298,5
-68.0875322240583,-16.516892580705264,5
-68.08745790998998,-16.514124513591405,5
-68.0859317682304,-16.510840604684166,5
-68.08551105557049,-16.508681522020034,5
-68.08649728271122,-16.515808983163502,5
-68.08637746108221,-16.517419481408574,5
-68.08679436157004,-16.518833351006787,5
-68.08547311788222,-16.520256088968935,5
-68.0859355793187,-16.520979664078553,5
-68.08669585267033,-16.522403617885058,5
-68.08662421259636,-16.524259714759268,5
-68.08499299407089,-16.52752053284764,5
-68.08512103840317,-16.52640164031045,5
-68.08488871865532,-16.528778369987005,5
-68.08358216487248,-16.528694361914646,5
-68.08366054538193,-16.527493026941976,5
-68.0845462200205,-16.52357204796222,5
-68.08453910857851,-16.52222256747393,5
-68.08368295888693,-16.526831626005833,5
-68.08402317254328,-16.52464590219507,5
-68.08801870165819,-16.526421602682625,5
-68.08831715014351,-16.528347788515603,5
-68.08497217628084,-16.521370396138405,5
-68.08760064711339,-16.515960127495212,5
-68.08769973114967,-16.515175484614154,5
-68.08370381359751,-16.50545996344801,5
-68.08569656119978,-16.512930549623867,5
-68.08677675179644,-16.511852345538994,5
-68.0817376792886,-16.50411789989187,5
-68.08194352538268,-16.503005319009517,5
-68.08457728452092,-16.503487775734833,5
-68.07826037975256,-16.502268274548882,5
-68.07613287668,-16.501323882985922,5
-68.08053413743558,-16.502591390911633,5
-68.08162127726848,-16.499171382681656,3
-68.08517888805333,-16.49824846530238,3
-68.08417888416713,-16.50165279585504,3
-68.08275206610831,-16.497218712754112,3
-68.0843182490475,-16.50006308543733,3
-68.0866894393401,-16.527675957307288,5
-68.08588339128475,-16.52332045706092,5
-68.08611092668338,-16.514522178591285,5
-68.087525022409,-16.512890034057804,5
-68.08559912973894,-16.507257083202056,5
-68.08448876987856,-16.50587933560387,5
-68.0802757262304,-16.5035167391007,5
-68.08118558565928,-16.500757509682316,5
-68.07942921566074,-16.526949725963647,5
-68.08124501990243,-16.528404077123064,5
-68.0793382551796,-16.528790586291848,5
-68.08128893255002,-16.52981067519798,5
-68.0802298409332,-16.53019425453739,5
-68.08070497274633,-16.532131655887472,5
-68.07952637803285,-16.522668042195505,5
-68.07913520760411,-16.524052848506873,5
-68.07886999296794,-16.525521771087877,5
-68.07866940836657,-16.527215946540203,5
-68.07859445449367,-16.529314652999286,5
-68.08104870620195,-16.535666556794343,5
-68.07947072201732,-16.53537435571647,5
-68.07916632935643,-16.535029258941954,5
-68.0819253763656,-16.538083481963014,5
-68.07767893050953,-16.535407803116183,5
-68.07595139831614,-16.5363315719139,5
-68.07806616711223,-16.53770857556537,5
-68.07595748046415,-16.537839848264706,5
-68.07717236871531,-16.538816639533433,5
-68.07950901364019,-16.53866079769344,5
-68.08092841060999,-16.538577582417105,5
-68.07511781337335,-16.53871807031159,5
-68.07383852038694,-16.536959898263127,5
-68.07267082525983,-16.537128968921586,5
-68.0717001750286,-16.536874721497274,5
-68.0746223160493,-16.536375343319904,5
-68.07526213354915,-16.535543501966327,5
-68.07698080074148,-16.534021159822135,5
-68.07529743148272,-16.533847544857014,5
-68.07580951883686,-16.532106526556706,5
-68.07408607958129,-16.53199663426015,5
-68.07352381380134,-16.53310615295327,5
-68.07207891129,-16.532984697969656,5
-68.07276158835643,-16.534432071638715,5
-68.07388469987663,-16.535293436713253,5
-68.07038309171979,-16.532644825506328,5
-68.06942000014172,-16.531605212128344,5
-68.07126314689043,-16.531638984327767,5
-68.07277635693659,-16.531338949373914,5
-68.07103086909561,-16.53029586532746,5
-68.06964990528226,-16.53067316836674,5
-68.06936484169667,-16.52927868566844,5
-68.0680854312284,-16.53060228071508,5
-68.07315565256972,-16.529666222237587,5
-68.0719787391794,-16.528970777594733,5
-68.07209063412459,-16.530502471253403,5
-68.07039185045035,-16.528015250346225,5
-68.0706390339864,-16.529013328965835,5
-68.06921459098699,-16.527396480412865,5
-68.06656958139129,-16.528521331228628,5
-68.0674659989947,-16.526869020801573,5
-68.07060110634133,-16.525668598788474,5
-68.06911848974882,-16.526814621994777,5
-68.06936429162808,-16.524997415734838,5
-68.06833306882996,-16.524964996058042,5
-68.06836609358537,-16.52322604806707,5
-68.06681138474033,-16.522416500362215,5
-68.06694837646646,-16.520564944480835,5
-68.06653047239645,-16.518669750062923,5
-68.0659399992741,-16.517144216966194,5
-68.06510982324929,-16.515844296959738,5
-68.06394989746529,-16.516390166355723,5
-68.06258396109055,-16.517993527696646,5
-68.06286642376269,-16.518777460631693,5
-68.06347624281666,-16.520052316843405,5
-68.0656249223953,-16.519657135368245,5
-68.06474692898604,-16.51776191041423,5
-68.06136395354731,-16.51862601698805,5
-68.05972162396407,-16.51828935697697,5
-68.06529780460136,-16.521936399371185,5
-68.06712544748042,-16.524230879292183,5
-68.06551355385592,-16.52590923363897,5
-68.06562238578866,-16.525477548627435,5
-68.06147686579739,-16.516990646619124,5
-68.06249897830695,-16.51309400202898,5
-68.06040843304751,-16.5127670215114,5
-68.05811524423245,-16.511081386040733,5
-68.05522879603163,-16.511101318681895,5
-68.05529122673276,-16.50984222260147,5
-68.05200358733016,-16.509814920226955,5
-68.05284669404605,-16.510126361684378,5
-68.05403934620998,-16.51054165715767,5
-68.05750425243566,-16.512443637264116,5
-68.05867445960641,-16.513272097384597,5
-68.06003542642597,-16.514389524308875,5
-68.06141110798954,-16.51424895360985,5
-68.06128906512735,-16.51562993821132,5
-68.05593553400122,-16.512992205120007,5
-68.05592170247027,-16.514211022728006,5
-68.05730362742247,-16.515043462601643,5
-68.05988688710133,-16.51543466928852,5
-68.05623621126065,-16.509996537098694,5
-68.07948994524259,-16.533477102371375,5
-68.07754353294456,-16.530584570134984,5
-68.07631936566644,-16.52876550746396,5
-68.07533004639326,-16.52759372152732,5
-68.07423359605689,-16.526212990618255,5
-68.07341055716334,-16.524901181563077,5
-68.07364130639718,-16.52796147253574,5
-68.07404477808072,-16.52952675306267,5
-68.0791751645394,-16.530238660234605,5
-68.07585766127593,-16.537018028490202,5
-68.0746969582191,-16.546697370298638,5
-68.07384530633115,-16.545425291623392,5
-68.07583923071304,-16.545172910926098,5
-68.07267552036771,-16.546688392240316,5
-68.07156479880486,-16.5455995473846,5
-68.06836180007645,-16.544610221221767,5
-68.07043459116471,-16.54359132605748,5
-68.0716319810263,-16.542054275873273,5
-68.06997387243199,-16.540400102903128,5
-68.06864481428117,-16.542432938444758,5
-68.06847802222396,-16.540214581299033,5
-68.06635874857179,-16.540455850273563,5
-68.06485844467622,-16.540833284774397,5
-68.0611250270324,-16.540475818015814,5
-68.05899258810646,-16.539713269394763,5
-68.05688809161477,-16.539765231725973,5
-68.0663072558291,-16.541769729606894,5
-68.06721578051008,-16.54436564893423,5
-68.06562207032735,-16.544507493844545,5
-68.0641822253834,-16.544515485911358,5
-68.06540178504532,-16.542834649410416,5
-68.06261475901944,-16.54134739684979,5
-68.0628580572477,-16.544724666437922,5
-68.06076486974659,-16.542678719544163,5
-68.05846034070612,-16.544274610073575,5
-68.05996165885139,-16.540789794481608,5
-68.05885545034424,-16.54169488289924,5
-68.0587325414701,-16.54074162783949,5
-68.05716479084093,-16.544439969650398,5
-68.06138284105612,-16.545780481050578,5
-68.05515663921302,-16.544338686029036,5
-68.05748951223063,-16.543227512456795,5
-68.05710139122061,-16.540899392401606,5
-68.05503088315885,-16.541046879335784,5
-68.05419882540102,-16.541337951832336,5
-68.05243054008801,-16.541468222969915,5
-68.05310606570539,-16.543130831052654,5
-68.05495198223007,-16.542307118578478,5
-68.05343588432955,-16.544146490693656,5
-68.0501401120764,-16.540761845898977,5
-68.05327148641281,-16.53977996958492,5
-68.05110010021498,-16.539863179828636,5
-68.04970128055771,-16.539940593892474,5
-68.05216789091992,-16.539775146951985,5
-68.05057341694841,-16.53896800476508,5
-68.05252388236138,-16.538179405915688,5
-68.05046444423158,-16.53796666969023,5
-68.05300831962616,-16.53875810055101,5
-68.05550786126939,-16.540002521801078,5
-68.04861737362386,-16.53877308510999,5
-68.04782231808487,-16.54038247341768,5
-68.04651850776678,-16.537915538267445,5
-68.04558401962531,-16.538466850713274,5
-68.0476933980707,-16.537416227534806,5
-68.04616543576815,-16.536932899623547,5
-68.04451177694607,-16.53606119779763,5
-68.04372654386181,-16.535553205404824,5
-68.06182176845743,-16.540964227084388,5
-68.07429614094708,-16.54035252410928,5
-68.07557500840929,-16.539605251016763,5
-68.07644923146411,-16.53963543229593,5
-68.07592431562911,-16.540855280308918,5
-68.06801184534265,-16.53931505886167,5
-68.06603908840923,-16.539210163505246,5
-68.06334368774935,-16.539204287704585,5
-68.06976400655908,-16.539436505883085,5
-68.07100175237238,-16.539403226432285,5
-68.07297948947482,-16.538803065979604,5
-68.07246933040327,-16.540704742971275,5
-68.0828174240111,-16.523031995877364,5
-68.08153622151553,-16.51983353587655,5
-68.08353511194446,-16.51413387693161,5
-68.08433124390604,-16.513293949424103,5
-68.0825807072066,-16.509794894901162,5
-68.08212843976716,-16.50894760342367,5
-68.08123814807037,-16.510212934624974,5
-68.08262833105556,-16.512558988396464,5
-68.06295634545835,-16.525772148711017,5
-68.063516021621,-16.525686082559556,5
-68.11932885900926,-16.507631331460782,2
-68.12001992058376,-16.50600843981407,2
-68.11763485238372,-16.505391796054525,2
-68.11692517430997,-16.50446366685981,2
-68.11900749416533,-16.5048991502541,2
-68.11775723149917,-16.50320116692806,2
-68.11734320204717,-16.502628682782294,2
-68.11901742844516,-16.50270520291386,2
-68.12079426656693,-16.502712683119906,2
-68.12046087037503,-16.50367848715489,2
-68.12041550636043,-16.50483305635674,2
-68.12168310473578,-16.503355087760955,2
-68.12132162599646,-16.50541575732403,2
-68.12138751156303,-16.507056883765923,2
-68.12177790740958,-16.505723366798733,2
-68.12278649672855,-16.5039483308223,2
-68.12401387196155,-16.502531211899704,2
-68.1234776092926,-16.501229424839888,2
-68.12426721819797,-16.500104529118115,2
-68.12057969107012,-16.501000621107405,2
-68.11748896308883,-16.49946160225595,3
-68.11902969746203,-16.499995177553725,2
-68.11825646157197,-16.498864211202168,3
-68.12077311479987,-16.497541542782987,3
-68.11939019305971,-16.497171630157894,3
-68.12067478294236,-16.499204911015067,2
-68.12205364373102,-16.500814182757676,2
-68.12425938849546,-16.498370665852025,2
-68.12382158901553,-16.496722243940855,2
-68.12269913968258,-16.498221761743302,2
-68.12282734998311,-16.496598136206696,2
-68.1207908917694,-16.4964538271943,3
-68.12034466672493,-16.494986716859977,3
-68.1196228191793,-16.496041341532294,3
-68.11943053225927,-16.493619602638844,3
-68.12121059776875,-16.4931965680411,3
-68.12141345749134,-16.49126315775653,3
-68.11993443652786,-16.492496585259232,3
-68.12186272277029,-16.492200580790644,3
-68.12137723010092,-16.493840280320207,3
-68.12403801913233,-16.500827548014705,2
-68.12614953260969,-16.501692361081908,2
-68.12696793724292,-16.50188879117265,2
-68.12780901733686,-16.502972992105825,2
-68.12635963755946,-16.500763028296216,2
-68.12786476876471,-16.500769312112585,2
-68.1255696448378,-16.499745512874167,2
-68.12679837973059,-16.499081845793608,2
-68.12869964200122,-16.498427671531417,2
-68.13048502192309,-16.498427590849612,2
-68.12892066798656,-16.496817328312368,2
-68.12804512146194,-16.497388196855486,2
-68.12639258559054,-16.49656334870891,2
-68.12600539044176,-16.4973178986645,2
-68.12565976797751,-16.49850665287313,2
-68.12924029222654,-16.499042361013224,2
-68.12348934524525,-16.495796406999844,2
-68.12320058960641,-16.494316020708514,3
-68.12521512485223,-16.4947626095813,2
-68.13056258727015,-16.4956421464268,2
-68.12967984879589,-16.495349826175087,2
-68.12811319128487,-16.49472032100242,2
-68.12603181900252,-16.49584152435489,2
-68.1268964512549,-16.494419075251127,2
-68.12635153622386,-16.493154468975334,2
-68.12613136100332,-16.494967369189453,2
-68.12504436900961,-16.492315745315004,3
-68.12314566454292,-16.493045085822466,3
-68.12287612103003,-16.490768657234906,3
-68.12603381908622,-16.491516098320197,3
-68.12545096627501,-16.49116820675038,3
-68.12381593028925,-16.490756834207456,3
-68.12498642198904,-16.49006311465797,3
-68.12456985619194,-16.48871480746184,3
-68.12412161163661,-16.489468677256212,3
-68.12311591622965,-16.489352123636355,3
-68.12122661357849,-16.488849747547793,3
-68.1244118574657,-16.48759074189132,3
-68.12299548499865,-16.487870767175007,3
-68.12124922695763,-16.487934673588917,3
-68.12091918286893,-16.489939136021224,3
-68.12095164745908,-16.487790700677657,3
-68.12087311085368,-16.486456901157048,3
-68.12143411083524,-16.48484162807274,3
-68.12317353794877,-16.486801248371382,3
-68.12409098942216,-16.485783813089906,3
-68.12261466850605,-16.484994863295793,3
-68.12274764279061,-16.484146469894853,3
-68.12216930831192,-16.48321468194435,3
-68.12325004570484,-16.483726937246367,3
-68.12553209357304,-16.48343612768436,3
-68.12332318880733,-16.482848036855742,3
-68.12387474915172,-16.479502767430727,3
-68.12442688382352,-16.480727800205514,3
-68.12228465640774,-16.48097830252423,3
-68.12299094222898,-16.478603105187737,3
-68.1222458842035,-16.479003038889246,3
-68.12186784560713,-16.478406733352713,3
-68.12234697409669,-16.480116501476232,3
-68.12153776476883,-16.480598142544974,3
-68.1204878257477,-16.48054712222918,3
-68.12023532257749,-16.48169986993481,3
-68.12148290864491,-16.48174381952819,3
-68.1201225890202,-16.479756383983425,3
-68.1209576102783,-16.479358868003395,3
-68.11948555455623,-16.478283656910115,3
-68.11966450030589,-16.484399017955962,3
-68.11893275635163,-16.484406528541147,3
-68.11807444280463,-16.482486374223154,3
-68.117912604777,-16.481436977945187,3
-68.11751126553025,-16.480349742960545,3
-68.11863704865654,-16.479543709939854,3
-68.11773849709321,-16.478798984141275,3
-68.11930106892304,-16.48215669163962,3
-68.1195370033757,-16.48564059459746,3
-68.11925910409111,-16.48699513492876,3
-68.11938878545321,-16.48828605500067,3
-68.11848432395402,-16.478906770179954,3
-68.11716873953193,-16.47745967033304,3
-68.11618129855185,-16.47573302228863,3
-68.11546545443736,-16.473693816617878,3
-68.11587562127684,-16.477503426348385,3
-68.11553078019756,-16.47478291618085,3
-68.11649962735733,-16.478703578539655,3
-68.11805217656713,-16.475461137220126,3
-68.11769217882635,-16.474537192660495,3
-68.1166618354639,-16.472908816368044,3
-68.1158855375265,-16.471532608156433,3
-68.11542126892894,-16.47262470493782,3
-68.11954488192538,-16.47705493360718,3
-68.1207953303917,-16.47640805805122,3
-68.12282784704962,-16.477314708332674,3
-68.12106361576355,-16.47473044038608,3
-68.11911235066057,-16.473516467452935,3
-68.11936201463561,-16.47464623089045,3
-68.11873678010197,-16.473015986276994,3
-68.11829442721472,-16.47121595300842,3
-68.11982664831157,-16.471415673846284,3
-68.11923273432892,-16.46999946815637,3
-68.11778180272148,-16.46933227234785,3
-68.1157561634593,-16.46957169215324,3
-68.11624918925362,-16.468129056734952,3
-68.11417328611451,-16.468309423159173,3
-68.11321355209279,-16.46796730765707,3
-68.11246508875817,-16.467153686425505,3
-68.11042288797029,-16.465552837071705,3
-68.1097315094692,-16.46443900869617,3
-68.11139463488176,-16.46699794814817,3
-68.11091659800164,-16.465052580824345,3
-68.11271021470961,-16.465544827005147,3
-68.11598918237607,-16.467056400680914,3
-68.11665773510533,-16.466449891396238,3
-68.1176078125432,-16.46648907246219,3
-68.11888903946225,-16.481133727174356,3
-68.116180015509,-16.498581426021126,3
-68.11495015975937,-16.498492727471543,3
-68.11409459127567,-16.499381757382704,3
-68.11714391514427,-16.497583285223527,3
-68.11759446861576,-16.49667076973059,3
-68.11708358486902,-16.496069167634637,3
-68.1161874757943,-16.496938488131764,3
-68.11529223652244,-16.496172363870947,3
-68.11492962411442,-16.49714818714405,3
-68.11418390703709,-16.497659770701773,3
-68.11330828182598,-16.498232236455816,3
-68.11318052293558,-16.499573931928968,3
-68.1124687549782,-16.498565706593887,3
-68.11235099727408,-16.49771343420284,3
-68.11144763737907,-16.49870650129271,3
-68.1114424017925,-16.499853244046864,3
-68.11238681933789,-16.500152729944308,3
-68.11192856014736,-16.501349674597027,3
-68.11192474382919,-16.502185877029156,3
-68.11129364847437,-16.497709476551915,3
-68.11126446673838,-16.496548618365214,3
-68.11238620216287,-16.49654060575222,3
-68.1137858001959,-16.49643853903844,3
-68.11171893690694,-16.49559534348808,3
-68.11353179174837,-16.495247495196285,3
-68.11246030837259,-16.49475146830411,3
-68.11086475225609,-16.495016574762342,3
-68.11027515191996,-16.495695944047437,3
-68.11823301712806,-16.494786684078434,3
-68.11885704395863,-16.493503092433496,3
-68.11918884814779,-16.492082326491815,3
-68.1190543915981,-16.49065680174219,3
-68.11846333418114,-16.489451746624965,3
-68.11820977108232,-16.49036044534895,3
-68.1179967923302,-16.491886281347572,3
-68.11765280774274,-16.49359979229053,3
-68.11669281309213,-16.492435004250023,3
-68.11690475950162,-16.491139221396487,3
-68.1171816345995,-16.489875082211114,3
-68.11621917854899,-16.489954676119222,3
-68.11594831494723,-16.491584836216933,3
-68.11547701767209,-16.492670379382258,3
-68.11509342956975,-16.493547151402485,3
-68.11602415958738,-16.49399028525286,3
-68.11382644452283,-16.493113047438275,3
-68.11446081488764,-16.491944541318034,3
-68.11362875657454,-16.491271764607134,3
-68.11499809317844,-16.49066059521341,3
-68.11501121467138,-16.489322144028637,3
-68.11590664952992,-16.48889337262822,3
-68.11623015755418,-16.487535318443143,3
-68.11688358423734,-16.488709271434214,3
-68.11755831872455,-16.488199720448364,3
-68.1187178226884,-16.488413749794205,3
-68.11853927235813,-16.487126775298094,3
-68.1172707996359,-16.486981763660523,3
-68.1178282659528,-16.486022062440504,3
-68.1159865264341,-16.485585549261067,3
-68.11715127340807,-16.484638871718797,3
-68.11636251923542,-16.48398720283052,3
-68.1156767359591,-16.48659867370768,3
-68.1129434735781,-16.493634735363255,3
-68.11366717932337,-16.4942861421359,3
-68.11462153894588,-16.495121875444713,3
-68.11689185380645,-16.494853112061833,3
-68.11570136729529,-16.495256679986976,3
-68.11861623887548,-16.495850176120577,3
-68.10662150954796,-16.495973168016686,3
-68.10634460418223,-16.497307368768045,3
-68.10616780753459,-16.498971294191907,3
-68.10582926324395,-16.500489546346905,3
-68.10516819412877,-16.50170295455068,3
-68.10441692825282,-16.502603421448367,3
-68.1041623050692,-16.50416258361926,3
-68.10415489009576,-16.505772874725253,3
-68.10290968608996,-16.505257938987224,3
-68.1031179391603,-16.504423095008473,3
-68.10326535704401,-16.503024038050032,3
-68.10197114569893,-16.502166472803555,3
-68.10124171133116,-16.50138875256866,3
-68.10212674426518,-16.50052284518714,3
-68.10303238478218,-16.501301318450277,3
-68.10433203008446,-16.500702169430905,3
-68.10159591058324,-16.49938968417585,3
-68.1031811677046,-16.499518792389374,3
-68.10496433907258,-16.49952643302278,3
-68.10199307380691,-16.49879846116456,3
-68.1027750638357,-16.498876558367026,3
-68.10393871730373,-16.498725272063997,3
-68.10414059823259,-16.49774091807744,3
-68.10321908996617,-16.497349675483907,3
-68.10205679226482,-16.497208795617365,3
-68.10093333359825,-16.49781548275148,3
-68.10547245490379,-16.497834949347347,3
-68.10471091373444,-16.49637599533071,3
-68.10584670082167,-16.496149837057832,3
-68.10345798825006,-16.495959630000268,3
-68.101976469814,-16.496266391705845,3
-68.10089108117177,-16.496261728086207,3
-68.10143121227053,-16.495292419370852,3
-68.10038122601551,-16.495253933089007,3
-68.10223806207233,-16.49456206696559,3
-68.10372379729309,-16.49486740238266,3
-68.1050942839063,-16.49418021920783,3
-68.10597208877444,-16.49487702524892,3
-68.10495523658383,-16.49524578670415,3
-68.1052901892888,-16.49288058411101,3
-68.10429368892683,-16.493474245748605,3
-68.10294754437032,-16.49346847667605,3
-68.1039466428957,-16.492310879537904,3
-68.10590675453561,-16.492142606719074,3
-68.10046910967473,-16.494158457341996,3
-68.09994444311295,-16.493306873870324,3
-68.09902529643063,-16.493934815666787,3
-68.09953089116814,-16.49433787391376,3
-68.10084653817198,-16.491720353246222,3
-68.09973719279624,-16.490870914978046,3
-68.1020976994273,-16.490989774867906,3
-68.10106473326593,-16.490282906299,3
-68.09775568075493,-16.491056835903294,3
-68.09618818723476,-16.49015318090064,3
-68.09844736807355,-16.48932039759442,3
-68.09710623054072,-16.488241065035936,3
-68.09574949908472,-16.48723374977168,3
-68.09595238268864,-16.489075965171878,3
-68.10492324707114,-16.491136372582197,3
-68.10688912439248,-16.491760988092718,3
-68.1066463172723,-16.49056675116269,3
-68.1054066502739,-16.49016371931589,3
-68.10405383826482,-16.49027946005741,3
-68.10362489317524,-16.49134929257273,3
-68.10281812381025,-16.492340167295456,3
-68.10182655935091,-16.493639592145144,3
-68.10456113631832,-16.489165820359304,3
-68.10590440826735,-16.488630205810363,3
-68.1048297873671,-16.488062154138667,3
-68.10345445594922,-16.48776830772356,3
-68.10500622650665,-16.486747473624717,3
-68.10205546566779,-16.487961175660267,3
-68.10204757001533,-16.489673604039886,3
-68.1000773126769,-16.489488367436305,3
-68.10098752636456,-16.488431659732793,3
-68.09929328833988,-16.488037687372103,3
-68.10052252889923,-16.48738008659346,3
-68.09836903659755,-16.487092093886634,3
-68.09935798141166,-16.486356127822017,3
-68.09785089863561,-16.487620171622805,3
-68.09770263424268,-16.489939640203673,3
-68.0977199991016,-16.486191445248057,3
-68.09797553353847,-16.485098780963664,3
-68.09653379624645,-16.484628538776153,3
-68.09652872339869,-16.485722282587055,3
-68.09472038482434,-16.48522834966305,3
-68.09521801637659,-16.48418092843577,3
-68.09359248058698,-16.483809305818557,3
-68.09676672396941,-16.483823030441144,3
-68.09936115736816,-16.485314664254787,3
-68.10066901766831,-16.484999892676395,3
-68.10112020535755,-16.486559620014674,3
-68.09327911752239,-16.48465865430093,3
-68.09174510263085,-16.484320558219615,3
-68.09263296448276,-16.485605992376883,3
-68.09098610350695,-16.48489176489277,3
-68.0911874755769,-16.485942211127387,3
-68.09211069714424,-16.487017887461327,3
-68.09329031074769,-16.487177676034396,3
-68.0891962702966,-16.48510628453289,3
-68.08919038118434,-16.486365744330126,3
-68.09075667109127,-16.487156973093835,3
-68.09074991444092,-16.488604246968585,3
-68.09193169959599,-16.488300032213033,3
-68.0891825282386,-16.488045023218525,3
-68.09442860089408,-16.48192055136985,3
-68.09560810756057,-16.480582376318218,3
-68.0972030141167,-16.480589261748356,3
-68.09880176427163,-16.479765440371736,3
-68.09691731625072,-16.478944282469673,3
-68.09827659134187,-16.478366877220935,3
-68.09982048647464,-16.477507461501432,3
-68.09866712322254,-16.4771666795458,3
-68.09712347282559,-16.477973062813504,3
-68.09357034962436,-16.48119217476872,3
-68.09614318663198,-16.479842350010497,3
-68.0878540467012,-16.486367312449993,3
-68.12030297115413,-16.51448908735988,2
-68.12196010769219,-16.512265531856386,2
-68.12168701900535,-16.51354558312122,2
-68.12065790662247,-16.5131403659902,2
-68.12267218437606,-16.510746509653984,2
-68.12394233560056,-16.509212465851043,2
-68.12343110218004,-16.511588308171397,2
-68.12306689659424,-16.513071752944366,2
-68.12480126310952,-16.511666018864197,2
-68.12560615592257,-16.513023113875153,2
-68.12705026268209,-16.51255814974928,2
-68.12643768049186,-16.514700359890053,2
-68.12665337538765,-16.511451375760533,2
-68.12538978215026,-16.5104823956093,2
-68.1256246656775,-16.50890632320006,2
-68.12658757839169,-16.509932806528145,2
-68.1270078398592,-16.50865355324037,2
-68.12820999778437,-16.509728038290604,2
-68.12908257359543,-16.51089516278627,2
-68.12816578357523,-16.511431949898522,2
-68.12908517124065,-16.51303764419191,2
-68.12995725327477,-16.514721242866756,2
-68.12844841854645,-16.514056820457096,2
-68.13079286319007,-16.51325567265913,2
-68.13032353591092,-16.511878690514973,2
-68.12900111800496,-16.516001378458505,2
-68.13047633774093,-16.51600752388376,2
-68.12740688118497,-16.51534834486401,2
-68.12901781566225,-16.51771729518317,2
-68.1277067206169,-16.516454320949624,2
-68.12970996909618,-16.518616210621765,2
-68.13075443917671,-16.51952549310005,2
-68.12849076306841,-16.518611127253358,2
-68.12720262833069,-16.517665559134876,2
-68.13141916848777,-16.51810622012974,2
-68.13212027325228,-16.519460658841215,2
-68.1327371150663,-16.517841391097853,2
-68.13247476435431,-16.516524034732306,2
-68.13161365075207,-16.515509752206007,2
-68.1307526545119,-16.517198514138105,2
-68.12954685763343,-16.516923188137586,2
-68.12636475997435,-16.51690990444101,2
-68.12573543083569,-16.515873063865186,2
-68.12611442296942,-16.518354399362472,2
-68.12444676230214,-16.517759796964864,2
-68.12751328924766,-16.519077141441045,2
-68.12784057632784,-16.51950159355615,2
-68.12557446786406,-16.520067985087923,2
-68.12557282972001,-16.520432301979397,2
-68.12421111592651,-16.515137005654704,2
-68.13198533892222,-16.514119351711365,2
-68.13271265230641,-16.51538300291145,2
-68.1337558647509,-16.516574323174734,2
-68.13420136538662,-16.517833676127953,2
-68.13492550768927,-16.516755456012987,2
-68.13590086314902,-16.51675949278471,2
-68.13776576445552,-16.516872969625243,2
-68.13954823839698,-16.516327956302167,2
-68.14042985274378,-16.515473659894585,2
-68.14156582680282,-16.514996482535953,2
-68.14296608017513,-16.515413565556575,2
-68.13939569243387,-16.51773761725019,2
-68.1413273290591,-16.516546819902725,2
-68.14276696683154,-16.51632943639292,2
-68.1409668553257,-16.51810840858046,2
-68.13942618067533,-16.519112773149153,2
-68.1377953618545,-16.515697852225575,2
-68.13702976056268,-16.517880637174034,2
-68.13821035611828,-16.51834385452797,2
-68.13872579885108,-16.514832011999633,2
-68.13732676036828,-16.514144600594815,2
-68.13559777085571,-16.513632101477633,2
-68.13600612916835,-16.515020573861555,2
-68.13443782652257,-16.514015128417142,2
-68.13457758944821,-16.515484755997438,2
-68.13313519122119,-16.513586641784936,2
-68.13242094739068,-16.512544563911522,2
-68.13113356328729,-16.511434489337123,2
-68.13012781066202,-16.51005527558652,2
-68.14063224373795,-16.51421424280645,2
-68.13959916411164,-16.513481341656334,2
-68.13811536233177,-16.512664310196712,2
-68.13696215751236,-16.511531319120987,2
-68.13592884436949,-16.510857161321244,2
-68.13448782995522,-16.511391808626772,2
-68.13631198043088,-16.512433567785468,2
-68.13307548773744,-16.51096286784854,2
-68.1320151269434,-16.510673605116164,2
-68.13402998068227,-16.50995331491316,2
-68.13289178354825,-16.50819748839345,2
-68.13466953508478,-16.508698457028075,2
-68.13550829168516,-16.509254291989414,2
-68.13669752648197,-16.510504963045072,2
-68.1384858881123,-16.51137026937277,2
-68.139726888143,-16.511951249793277,2
-68.14156783247964,-16.511958820954245,2
-68.14307820095969,-16.512282336142327,2
-68.14376645350092,-16.513801220099076,2
-68.14218369602506,-16.513301125855,2
-68.13718534889817,-16.513071250629775,2
-68.13289513568706,-16.50961621781425,2
-68.13130041062983,-16.5090807369156,2
-68.12992277438289,-16.5090750058872,2
-68.12963643856581,-16.50767527971846,2
-68.12824809606553,-16.507340426090476,2
-68.13060586040658,-16.506269027543564,2
-68.12489062003509,-16.508112747182043,2
-68.12584588000156,-16.50715305025846,2
-68.12741116731229,-16.50609012416427,2
-68.12890255468086,-16.50519141085218,2
-68.1292380692114,-16.506497323561174,2
-68.127050666382,-16.504815668313654,2
-68.12994660029901,-16.503346940855867,2
-68.130342812611,-16.504711867118168,2
-68.13165678699627,-16.50531670183168,2
-68.13129181064835,-16.507220399707986,2
-68.13260106845736,-16.506661796266783,2
-68.13366974220193,-16.507568693944965,2
-68.12234793069733,-16.50920180878203,2
-68.1210722014449,-16.51096376999489,2
-68.11948693674104,-16.512160378768613,2
-68.11821158705317,-16.51382831439016,2
-68.11750004966625,-16.5158934508259,2
-68.11971950019084,-16.516679428290274,2
-68.12216554027387,-16.51492239913562,2
-68.11708178455797,-16.517683564446003,2
-68.11675792230493,-16.520276769887428,2
-68.11573836464278,-16.51715144682225,2
-68.11844994870445,-16.521303771758607,2
-68.11884882791368,-16.519368923621595,2
-68.119986497374,-16.52226911710341,2
-68.12152297665799,-16.5232532517919,2
-68.13753476360044,-16.509331274553656,2
-68.13687107006241,-16.50842805804276,2
-68.13645246099047,-16.507199981505863,2
-68.13676911775956,-16.506107195175893,2
-68.13890995725058,-16.50991530060696,2
-68.13572419276595,-16.505489703450646,2
-68.13446655745523,-16.50502762498662,2
-68.13324543241984,-16.50477008201261,2
-68.13351499510586,-16.505853270414722,2
-68.13460867872602,-16.5067234579675,2
-68.13546107461988,-16.508566506034626,2
-68.14019365015503,-16.510356503048097,2
-68.14163963988726,-16.510542792452515,2
-68.14303722756706,-16.510392228487756,2
-68.14478424895488,-16.51019499454859,2
-68.14398813894286,-16.509710813701048,2
-68.14399279540275,-16.50865280570009,2
-68.14319335706685,-16.508926060092477,2
-68.14255840379136,-16.511496383563053,2
-68.14215477091678,-16.50969127294072,2
-68.14142405518798,-16.508522038312478,2
-68.14003964221892,-16.50851634631464,2
-68.13852032613688,-16.507993099547015,2
-68.13807676393786,-16.5067649229554,2
-68.14194499669671,-16.507657438819315,2
-68.14001109865252,-16.506330013668386,2
-68.13808989476816,-16.505673672701473,2
-68.1362650534279,-16.504080262535048,2
-68.13509990775616,-16.5040226665669,2
-68.13738205483756,-16.50410851306411,2
-68.13896954246052,-16.50447692370823,2
-68.14028128046083,-16.504952748475148,2
-68.14102804129358,-16.50586048292005,2
-68.14216477710498,-16.50629938992352,2
-68.14320609004116,-16.50567642690324,2
-68.14387726125842,-16.506704463685345,2
-68.13598563662231,-16.502740050532488,2
-68.14077276560236,-16.503729130924157,2
-68.14077994673413,-16.50210293586665,2
-68.13935264176156,-16.502426181284,2
-68.13772476650345,-16.50269051141131,2
-68.14316224997249,-16.503816377740417,2
-68.14412646876556,-16.5037622485468,2
-68.14552995424259,-16.504290705936835,2
-68.14594693091006,-16.50537656010743,2
-68.14388017073097,-16.504967519218006,2
-68.14710123885385,-16.50319361134631,1
-68.14535796893388,-16.502295939069036,1
-68.14399508882764,-16.50167084814747,1
-68.14372882171551,-16.502850707732822,2
-68.14244925968747,-16.50154835409259,2
-68.1410654586042,-16.501116757973477,2
-68.13966081192233,-16.50085930534013,2
-68.13823154187781,-16.501627810640905,2
-68.14216349794039,-16.50259261310274,2
-68.14688533939834,-16.502050498817454,1
-68.14524334336066,-16.500959640775246,1
-68.14343815171517,-16.50044889796981,1
-68.14183524407485,-16.499609851937535,1
-68.1405499876759,-16.499604572980445,2
-68.13890402852614,-16.49914722499628,2
-68.13937362025864,-16.49740677444679,1
-68.14125918429933,-16.497898521798408,1
-68.14256195267171,-16.49848466275872,1
-68.14400487919006,-16.499168168919365,1
-68.14377096275652,-16.49756034396704,1
-68.14269012063565,-16.49674280301233,1
-68.1413259215904,-16.4964274484979,1
-68.1421346528875,-16.495191738172412,1
-68.14344175173908,-16.49479053868889,1
-68.14076856565227,-16.495143624625356,1
-68.14195876083163,-16.493928840611826,1
-68.13974012281527,-16.496107388243093,1
-68.13809630824238,-16.499907317949592,2
-68.14218343230968,-16.504642102006702,2
-68.13939264616391,-16.507080753139295,2
-68.15022981492704,-16.500274190656214,1
-68.1516999412133,-16.498860178639625,1
-68.15044081158888,-16.498080545436974,1
-68.14904799795582,-16.497589743930657,1
-68.14728476282437,-16.497012309828712,1
-68.14628935268162,-16.49635091041823,1
-68.15085392430986,-16.498352607868508,1
-68.14478733044861,-16.49660862047706,1
-68.14478011310021,-16.49825125457165,1
-68.14511829891616,-16.499617248019188,1
-68.14606062248546,-16.500157304853687,1
-68.14723104731324,-16.501030225225605,1
-68.14857073215914,-16.501651433360017,1
-68.14996569128978,-16.50165710964041,1
-68.14881171661268,-16.501056629347318,1
-68.15121204549509,-16.501321724708706,1
-68.15212646130662,-16.50016790949781,1
-68.14791609470717,-16.499929501717972,1
-68.14640944337357,-16.498985548302635,1
-68.14807736539636,-16.498661844146383,1
-68.15397139204266,-16.498368920367554,1
-68.15314896356671,-16.500098997149582,1
-68.15447436968209,-16.500847248613955,1
-68.15518256931861,-16.4989032316238,1
-68.15517653103272,-16.50029423676387,1
-68.15642048686787,-16.499847380959082,1
-68.15812943930757,-16.49998235282526,1
-68.15592861805877,-16.500929842659936,1
-68.15887207201844,-16.49826047287666,1
-68.15777640362631,-16.497641258597067,1
-68.15655492660204,-16.49743993887648,1
-68.15525143749313,-16.497767697149033,1
-68.15713508120454,-16.498466952953645,1
-68.15812727952164,-16.49635807688193,1
-68.15907136454562,-16.495157881618407,1
-68.15991917495298,-16.49384381795026,1
-68.1614359782488,-16.49333756700542,1
-68.1626907747707,-16.49238316747666,1
-68.16241142000102,-16.491434224390332,1
-68.1608425963139,-16.491684105243184,1
-68.15912319499056,-16.491933369803178,1
-68.1601205227131,-16.492757116557325,1
-68.15811756885866,-16.49303085063206,1
-68.15696916320171,-16.49194198894793,1
-68.15599899064195,-16.493031062664848,1
-68.15479796507395,-16.49220647398142,1
-68.15479196014245,-16.49358976056403,1
-68.15680088563121,-16.49391672636138,1
-68.15836736869473,-16.494213360171514,1
-68.15704323135094,-16.495224163546986,1
-68.15628624968018,-16.496168935098005,1
-68.15519423399695,-16.494712904358252,1
-68.15376046286917,-16.494450940095636,1
-68.15291584621997,-16.49314106175257,1
-68.15366275000116,-16.492478047428573,1
-68.1523354790572,-16.4942060785452,1
-68.15258736029686,-16.495351318070277,1
-68.15439425695403,-16.495358631607452,1
-68.15436057134968,-16.496923951069682,1
-68.15052260538009,-16.4954994708988,1
-68.14889790776488,-16.495654871338484,1
-68.14733116844371,-16.495417937945312,1
-68.14581656516319,-16.495411757365265,1
-68.14445377718638,-16.495124402592996,1
-68.14985200237415,-16.49623086141233,1
-68.14675604903061,-16.49420731819145,1
-68.1484727418064,-16.493722536849962,1
-68.14683084916238,-16.493306030942346,1
-68.14552789649346,-16.493150446367643,1
-68.14450467792554,-16.49382928846141,1
-68.14970389781837,-16.4940963790356,1
-68.1511657670452,-16.493555896543842,1
-68.15137396564107,-16.494553958031485,1
-68.15510933342564,-16.49626261197738,1
-68.14591712655591,-16.497763132085364,1
-68.14951639602609,-16.498785768684474,1
-68.15129497971355,-16.49190284214285,1
-68.14854852134006,-16.492743021457148,1
-68.14750821788721,-16.491668379110997,1
-68.14700080902568,-16.490353039911255,1
-68.14792941303232,-16.48923244787253,1
-68.14936340283704,-16.4877541065442,1
-68.14887617079678,-16.490360678309703,1
-68.14989679384212,-16.491669104041872,1
-68.14990606097683,-16.489546319850575,1
-68.15130785198829,-16.488949344369807,1
-68.15189254376041,-16.48791479180593,1
-68.15131703462727,-16.48684205079077,1
-68.14915565699756,-16.488632275323965,1
-68.15088403484921,-16.48810859106575,1
-68.14986595986095,-16.486358320350647,1
-68.15132551147846,-16.484896452780557,1
-68.15087867222391,-16.483455627264895,1
-68.14980062575108,-16.48422831617552,1
-68.14979553862128,-16.48539389594263,1
-68.15264824733437,-16.4917145722292,1
-68.15426186249817,-16.491361349223872,1
-68.15641506496067,-16.490492245570575,1
-68.15504246739667,-16.4903428043364,1
-68.15299624877197,-16.49063672221894,1
-68.1505764914226,-16.491015444480713,1
-68.15177548775954,-16.489897879428913,1
-68.15391182031318,-16.489474826368024,1
-68.15254192427224,-16.48870660517649,1
-68.14799398247337,-16.491062502515682,1
-68.15515324655485,-16.489275380143734,1
-68.15384317774809,-16.488478628197456,1
-68.15661452209332,-16.489626640132354,1
-68.1581189644892,-16.490352205963468,1
-68.15721493513395,-16.488851991275713,1
-68.1583255688904,-16.48744622846191,1
-68.15661081175176,-16.48703639969347,1
-68.15554850405348,-16.487622109631833,1
-68.15451729253734,-16.487920137934964,1
-68.1598459201515,-16.487941603304243,1
-68.16141012941091,-16.488652996968792,1
-68.16036461323272,-16.488807095006578,1
-68.15900868913278,-16.48825482318018,1
-68.15930267773241,-16.489306486003233,1
-68.16095756970672,-16.489759224714287,1
-68.16216474223279,-16.490195767633494,1
-68.16301807766602,-16.48960918622987,1
-68.16446277840376,-16.490348859676654,1
-68.164699810176,-16.49076712093511,1
-68.16065575592566,-16.490520691761123,1
-68.15328059863006,-16.487191972036047,1
-68.15258408227452,-16.486037941613947,1
-68.14772983127585,-16.484370918036788,1
-68.14896667103675,-16.48324619793288,1
-68.14982772938076,-16.482163394876714,1
-68.14665614087053,-16.48597426777206,1
-68.14664253903601,-16.489078722027713,1
-68.14376865619398,-16.488198162709242,1
-68.1421969168168,-16.487987625198247,1
-68.14298849461767,-16.486795431606957,1
-68.14205308569167,-16.48631050700927,1
-68.14450627245806,-16.48551873288932,1
-68.1412617625028,-16.48744438470043,1
-68.14478807268098,-16.486773637197878,1
-68.14624433129708,-16.491882289091595,1
-68.15362287288659,-16.486333067926093,1
-68.15379332584287,-16.48620208200319,1
-68.15133873133456,-16.48186172128213,1
-68.15229865672555,-16.479603318559683,1
-68.14919806130754,-16.479960585934087,1
-68.1486112801087,-16.481380877911686,1
-68.14949547095043,-16.478329213303027,1
-68.15059083300518,-16.476771046568484,1
-68.15136860469228,-16.475001682078805,1
-68.1516955164061,-16.47306723031041,1
-68.15013610724957,-16.47564971564226,1
-68.15079745964412,-16.47376326798043,1
-68.15267187378886,-16.476616221520864,1
-68.1527043762939,-16.474703898326947,1
-68.15226490672319,-16.47151221132023,1
-68.15319008132275,-16.473642755171394,1
-68.15397510295672,-16.47277453111049,1
-68.15396670617383,-16.47470929492722,1
-68.15074143965944,-16.480606863573083,1
-68.15231140198435,-16.469260642279682,1
-68.15232136446812,-16.46696876650596,1
-68.1517419696384,-16.464958041072432,1
-68.15062080467249,-16.46355944539821,1
-68.14900512859721,-16.463174840501257,1
-68.1495626626747,-16.46457115691328,1
-68.15068320788468,-16.466111522359434,1
-68.14834999418719,-16.461683615154165,1
-68.14926120028845,-16.460647685045714,1
-68.15170179677655,-16.46292586888138,1
-68.1514277856347,-16.46140187774798,1
-68.14992394312654,-16.46000172875877,1
-68.14932904844143,-16.45593529710699,1
-68.14886965469617,-16.454515751101923,1
-68.14886759398986,-16.454988303050822,1
-68.14750347094513,-16.458739611362827,1
-68.14701245433605,-16.458950265263073,1
-68.15278327558876,-16.461785410754306,1
-68.1521706575836,-16.461782932648806,1
-68.15034946970245,-16.45794781727552,1
-68.15035183583022,-16.45740438306338,1
-68.15139802811646,-16.468241771656867,1
-68.15138980212723,-16.470131978095193,1
-68.15135502421101,-16.478120672699884,1
-68.08308611102944,-16.57195869598416,4
-68.08662984518784,-16.567511008914234,4
-68.09433333664089,-16.557626546280076,4
-68.07790898171041,-16.543375489370582,5
-68.08070608155077,-16.543800348938614,4
-68.05162440234893,-16.5377601534611,5
-68.04770571177373,-16.53914213241688,5
-68.057971183115,-16.544860233032846,5
-68.06282222850417,-16.542717866944628,5
-68.0640952658188,-16.54496329925174,5
-68.05309881703106,-16.541111729230533,5
-68.0512397613402,-16.541903970974374,5
-68.0511285974968,-16.541303005520696,5
-68.04942272215905,-16.5379084325263,5
-68.04844690751347,-16.53777699002177,5
-68.04324830684995,-16.535048126478564,5
-68.09571129220434,-16.54438478139693,4
-68.09807463137629,-16.542455228974468,4
-68.0949109435256,-16.540999516355715,4
-68.09383213325127,-16.53923270510189,4
-68.10149349456042,-16.535851466578322,4
-68.1001687354437,-16.536464593871052,4
-68.09423016694676,-16.537907250588887,4
-68.09502616261616,-16.536369318453193,4
-68.10755909642302,-16.528960721323088,4
-68.10923116446972,-16.52050146640554,2
-68.10681890569546,-16.520355571385405,2
-68.1027360911453,-16.523518466473107,4
-68.1018448324789,-16.522134521685903,4
-68.1031836259011,-16.521539569071304,4
-68.10326960119562,-16.5198689191333,4
-68.10252066111809,-16.523963792192863,4
-68.11076721020959,-16.523516990999138,2
-68.10931927442859,-16.524271219847858,4
-68.09729258627824,-16.531874789109583,4
-68.09609993737716,-16.533724195554015,4
-68.0952162755355,-16.535272407255295,4
-68.1036227721591,-16.52935720784892,4
-68.10221399362699,-16.529907312492668,4
-68.10041852588627,-16.529171695887513,4
-68.09849175939588,-16.53055468859118,4
-68.06376482213115,-16.514006956898605,5
-68.05621181264341,-16.511629534094276,5
-68.07216305560019,-16.526172351353182,5
-68.07591849259678,-16.53102393469677,5
-68.07335157361031,-16.52890822674476,5
-68.07251835248125,-16.52835648887783,5
-68.07174481882954,-16.527891987056673,5
-68.07384186252231,-16.528382421147207,5
-68.07288956189166,-16.527277759182738,5
-68.07868703575132,-16.533035747992088,5
-68.07892651593355,-16.5319561532976,5
-68.07805156070145,-16.531025669307244,5
-68.07751272146726,-16.53684538590458,5
-68.07948610085849,-16.537561697155507,5
-68.08022393784655,-16.52227344469088,5
-68.08267543792005,-16.521708188022036,5
-68.08319310593882,-16.520485245798213,5
-68.0811419710852,-16.521172833236186,5
-68.08404665835927,-16.51915807126054,5
-68.08258425504252,-16.51615415579691,5
-68.08462721963781,-16.5145730789937,5
-68.08443388819956,-16.512070746264424,5
-68.08440547492873,-16.510681164420948,5
-68.0843175335232,-16.509367399268324,5
-68.08444305325587,-16.517086879818983,5
-68.0820159441717,-16.494763019301065,3
-68.0812693887988,-16.49402501247567,3
-68.08238263464331,-16.49620790457585,3
-68.0825415044701,-16.504769649798206,5
-68.08699524168786,-16.52531667724722,5
-68.0854460138093,-16.524972610055073,5
-68.11477235276493,-16.466624989177735,3
-68.11547081769439,-16.470372382082687,3
-68.12529332083167,-16.48135996037513,3
-68.12129070216969,-16.48678734225403,3
-68.12442984988651,-16.49573955331078,2
-68.12070792228016,-16.494198858676704,3
-68.12402556943479,-16.492792578363566,3
